source_folder,missing_base_name
AuDroKSoundData-23-02-22 Measurements_1-19,01-FB-Mi1
AuDroKSoundData-23-02-22 Measurements_1-19,01-FB-Mi2
AuDroKSoundData-23-02-22 Measurements_1-19,01-FB-Mi3
AuDroKSoundData-23-02-22 Measurements_1-19,01-FB-Mi4
AuDroKSoundData-23-02-22 Measurements_1-19,01-FB-Mi5
AuDroKSoundData-23-02-22 Measurements_1-19,01-FB-Mi6
AuDroKSoundData-23-02-22 Measurements_1-19,01-H2-Mi1
AuDroKSoundData-23-02-22 Measurements_1-19,01-H2-Mi2
AuDroKSoundData-23-02-22 Measurements_1-19,01-H2-Mi3
AuDroKSoundData-23-02-22 Measurements_1-19,01-H2-Mi4
AuDroKSoundData-23-02-22 Measurements_1-19,01-H2-Mi5
AuDroKSoundData-23-02-22 Measurements_1-19,01-H2-Mi6
AuDroKSoundData-23-02-22 Measurements_1-19,01-LD-Mi1
AuDroKSoundData-23-02-22 Measurements_1-19,01-LD-Mi2
AuDroKSoundData-23-02-22 Measurements_1-19,01-LD-Mi3
AuDroKSoundData-23-02-22 Measurements_1-19,01-LD-Mi4
AuDroKSoundData-23-02-22 Measurements_1-19,01-LD-Mi5
AuDroKSoundData-23-02-22 Measurements_1-19,01-LD-Mi6
AuDroKSoundData-23-02-22 Measurements_1-19,02-FB-Mi1
AuDroKSoundData-23-02-22 Measurements_1-19,02-FB-Mi2
AuDroKSoundData-23-02-22 Measurements_1-19,02-FB-Mi3
AuDroKSoundData-23-02-22 Measurements_1-19,02-FB-Mi4
AuDroKSoundData-23-02-22 Measurements_1-19,02-FB-Mi5
AuDroKSoundData-23-02-22 Measurements_1-19,02-FB-Mi6
AuDroKSoundData-23-02-22 Measurements_1-19,02-H2-Mi1
AuDroKSoundData-23-02-22 Measurements_1-19,02-H2-Mi2
AuDroKSoundData-23-02-22 Measurements_1-19,02-H2-Mi3
AuDroKSoundData-23-02-22 Measurements_1-19,02-H2-Mi4
AuDroKSoundData-23-02-22 Measurements_1-19,02-H2-Mi5
AuDroKSoundData-23-02-22 Measurements_1-19,02-H2-Mi6
AuDroKSoundData-23-02-22 Measurements_1-19,02-LD-Mi1
AuDroKSoundData-23-02-22 Measurements_1-19,02-LD-Mi2
AuDroKSoundData-23-02-22 Measurements_1-19,02-LD-Mi3
AuDroKSoundData-23-02-22 Measurements_1-19,02-LD-Mi4
AuDroKSoundData-23-02-22 Measurements_1-19,02-LD-Mi5
AuDroKSoundData-23-02-22 Measurements_1-19,02-LD-Mi6
AuDroKSoundData-23-02-22 Measurements_1-19,03-H2-Mi1
AuDroKSoundData-23-02-22 Measurements_1-19,03-H2-Mi2
AuDroKSoundData-23-02-22 Measurements_1-19,03-H2-Mi3
AuDroKSoundData-23-02-22 Measurements_1-19,03-H2-Mi4
AuDroKSoundData-23-02-22 Measurements_1-19,03-H2-Mi5
AuDroKSoundData-23-02-22 Measurements_1-19,03-H2-Mi6
AuDroKSoundData-23-02-22 Measurements_40-59,48-FF-Mi1
AuDroKSoundData-23-02-22 Measurements_40-59,48-FF-Mi2
AuDroKSoundData-23-02-22 Measurements_40-59,48-FF-Mi3
AuDroKSoundData-23-02-22 Measurements_40-59,48-FF-Mi4
AuDroKSoundData-23-02-22 Measurements_40-59,48-FF-Mi5
AuDroKSoundData-23-02-22 Measurements_40-59,48-FF-Mi6
AuDroKSoundData-23-02-22 Measurements_40-59,57-FF-Mi1
AuDroKSoundData-23-02-22 Measurements_40-59,57-FF-Mi2
AuDroKSoundData-23-02-22 Measurements_40-59,57-FF-Mi3
AuDroKSoundData-23-02-22 Measurements_40-59,57-FF-Mi4
AuDroKSoundData-23-02-22 Measurements_40-59,57-FF-Mi5
AuDroKSoundData-23-02-22 Measurements_40-59,57-FF-Mi6
AuDroKSoundData-23-02-22 Measurements_40-59,57-H1-Mi1
AuDroKSoundData-23-02-22 Measurements_40-59,57-H1-Mi2
AuDroKSoundData-23-02-22 Measurements_40-59,57-H1-Mi3
AuDroKSoundData-23-02-22 Measurements_40-59,57-H1-Mi4
AuDroKSoundData-23-02-22 Measurements_40-59,57-H1-Mi5
AuDroKSoundData-23-02-22 Measurements_40-59,57-H1-Mi6
AuDroKSoundData-23-02-22 Measurements_40-59,57-H2-Mi1
AuDroKSoundData-23-02-22 Measurements_40-59,57-H2-Mi2
AuDroKSoundData-23-02-22 Measurements_40-59,57-H2-Mi3
AuDroKSoundData-23-02-22 Measurements_40-59,57-H2-Mi4
AuDroKSoundData-23-02-22 Measurements_40-59,57-H2-Mi5
AuDroKSoundData-23-02-22 Measurements_40-59,57-H2-Mi6
AuDroKSoundData-23-02-22 Measurements_40-59,57-HF-Mi1
AuDroKSoundData-23-02-22 Measurements_40-59,57-HF-Mi2
AuDroKSoundData-23-02-22 Measurements_40-59,57-HF-Mi3
AuDroKSoundData-23-02-22 Measurements_40-59,57-HF-Mi4
AuDroKSoundData-23-02-22 Measurements_40-59,57-HF-Mi5
AuDroKSoundData-23-02-22 Measurements_40-59,57-HF-Mi6
AuDroKSoundData-23-02-22 Measurements_40-59,58-H1-Mi1
AuDroKSoundData-23-02-22 Measurements_40-59,58-H1-Mi2
AuDroKSoundData-23-02-22 Measurements_40-59,58-H1-Mi3
AuDroKSoundData-23-02-22 Measurements_40-59,58-H1-Mi4
AuDroKSoundData-23-02-22 Measurements_40-59,58-H1-Mi5
AuDroKSoundData-23-02-22 Measurements_40-59,58-H1-Mi6
AuDroKSoundData-23-02-22 Measurements_40-59,58-H2-Mi1
AuDroKSoundData-23-02-22 Measurements_40-59,58-H2-Mi2
AuDroKSoundData-23-02-22 Measurements_40-59,58-H2-Mi3
AuDroKSoundData-23-02-22 Measurements_40-59,58-H2-Mi4
AuDroKSoundData-23-02-22 Measurements_40-59,58-H2-Mi5
AuDroKSoundData-23-02-22 Measurements_40-59,58-H2-Mi6
AuDroKSoundData-23-02-22 Measurements_40-59,58-HF-Mi1
AuDroKSoundData-23-02-22 Measurements_40-59,58-HF-Mi2
AuDroKSoundData-23-02-22 Measurements_40-59,58-HF-Mi3
AuDroKSoundData-23-02-22 Measurements_40-59,58-HF-Mi4
AuDroKSoundData-23-02-22 Measurements_40-59,58-HF-Mi5
AuDroKSoundData-23-02-22 Measurements_40-59,58-HF-Mi6
AuDroKSoundData-23-02-22 Measurements_40-59,59-H1-Mi1
AuDroKSoundData-23-02-22 Measurements_40-59,59-H1-Mi2
AuDroKSoundData-23-02-22 Measurements_40-59,59-H1-Mi3
AuDroKSoundData-23-02-22 Measurements_40-59,59-H1-Mi4
AuDroKSoundData-23-02-22 Measurements_40-59,59-H1-Mi5
AuDroKSoundData-23-02-22 Measurements_40-59,59-H1-Mi6
AuDroKSoundData-23-02-22 Measurements_40-59,59-H2-Mi1
AuDroKSoundData-23-02-22 Measurements_40-59,59-H2-Mi2
AuDroKSoundData-23-02-22 Measurements_40-59,59-H2-Mi3
AuDroKSoundData-23-02-22 Measurements_40-59,59-H2-Mi4
AuDroKSoundData-23-02-22 Measurements_40-59,59-H2-Mi5
AuDroKSoundData-23-02-22 Measurements_40-59,59-H2-Mi6
AuDroKSoundData-23-02-22 Measurements_40-59,59-HF-Mi1
AuDroKSoundData-23-02-22 Measurements_40-59,59-HF-Mi2
AuDroKSoundData-23-02-22 Measurements_40-59,59-HF-Mi3
AuDroKSoundData-23-02-22 Measurements_40-59,59-HF-Mi4
AuDroKSoundData-23-02-22 Measurements_40-59,59-HF-Mi5
AuDroKSoundData-23-02-22 Measurements_40-59,59-HF-Mi6
AuDroKSoundData-23-02-22 Measurements_60-79,65-HF-Mi1
AuDroKSoundData-23-02-22 Measurements_60-79,65-HF-Mi2
AuDroKSoundData-23-02-22 Measurements_60-79,65-HF-Mi3
AuDroKSoundData-23-02-22 Measurements_60-79,65-HF-Mi4
AuDroKSoundData-23-02-22 Measurements_60-79,65-HF-Mi5
AuDroKSoundData-23-02-22 Measurements_60-79,65-HF-Mi6
Renamed_Dresden-II-S-A,01-36-S-15m-Arr1
Renamed_Dresden-II-S-A,01-36-S-15m-Arr2
Renamed_Dresden-II-S-A,01-36-S-15m-Arr3
Renamed_Dresden-II-S-A,01-36-S-15m-Mic1
Renamed_Dresden-II-S-A,02-36-F-15m-Arr1
Renamed_Dresden-II-S-A,02-36-F-15m-Arr2
Renamed_Dresden-II-S-A,02-36-F-15m-Arr3
Renamed_Dresden-II-S-A,02-36-F-15m-Mic1
Renamed_Dresden-II-S-A,03-36-S-30m-Arr1
Renamed_Dresden-II-S-A,03-36-S-30m-Arr2
Renamed_Dresden-II-S-A,03-36-S-30m-Arr3
Renamed_Dresden-II-S-A,03-36-S-30m-Mic1
Renamed_Dresden-II-S-A,04-36-F-30m-Arr1
Renamed_Dresden-II-S-A,04-36-F-30m-Arr2
Renamed_Dresden-II-S-A,04-36-F-30m-Arr3
Renamed_Dresden-II-S-A,04-36-F-30m-Mic1
Renamed_Dresden-II-S-A,05-36-var-Arr1
Renamed_Dresden-II-S-A,05-36-var-Arr2
Renamed_Dresden-II-S-A,05-36-var-Arr3
Renamed_Dresden-II-S-A,05-36-var-Mic1
Renamed_Dresden-II-S-A,06-36-S-15m-Arr1
Renamed_Dresden-II-S-A,06-36-S-15m-Arr2
Renamed_Dresden-II-S-A,06-36-S-15m-Arr3
Renamed_Dresden-II-S-A,06-36-S-15m-Mic1
Renamed_Dresden-II-S-A,07-36-F-15m-Arr1
Renamed_Dresden-II-S-A,07-36-F-15m-Arr2
Renamed_Dresden-II-S-A,07-36-F-15m-Arr3
Renamed_Dresden-II-S-A,07-36-F-15m-Mic1
Renamed_Dresden-II-S-A,08-36-S-30m-Arr1
Renamed_Dresden-II-S-A,08-36-S-30m-Arr2
Renamed_Dresden-II-S-A,08-36-S-30m-Arr3
Renamed_Dresden-II-S-A,08-36-S-30m-Mic1
Renamed_Dresden-II-S-A,09-36-F-30m-Arr1
Renamed_Dresden-II-S-A,09-36-F-30m-Arr2
Renamed_Dresden-II-S-A,09-36-F-30m-Arr3
Renamed_Dresden-II-S-A,09-36-F-30m-Mic1
Renamed_Dresden-II-S-A,10-36-var-Arr1
Renamed_Dresden-II-S-A,10-36-var-Arr2
Renamed_Dresden-II-S-A,10-36-var-Arr3
Renamed_Dresden-II-S-A,10-36-var-Mic1
Renamed_Dresden-II-S-A,12-43-S-15m-Arr1
Renamed_Dresden-II-S-A,12-43-S-15m-Arr2
Renamed_Dresden-II-S-A,12-43-S-15m-Arr3
Renamed_Dresden-II-S-A,12-43-S-15m-Mic1
Renamed_Dresden-II-S-A,13-43-F-15m-Arr1
Renamed_Dresden-II-S-A,13-43-F-15m-Arr2
Renamed_Dresden-II-S-A,13-43-F-15m-Arr3
Renamed_Dresden-II-S-A,13-43-F-15m-Mic1
Renamed_Dresden-II-S-A,14-43-S-30m-Arr1
Renamed_Dresden-II-S-A,14-43-S-30m-Arr2
Renamed_Dresden-II-S-A,14-43-S-30m-Arr3
Renamed_Dresden-II-S-A,14-43-S-30m-Mic1
Renamed_Dresden-II-S-A,15-43-F-30m-Arr1
Renamed_Dresden-II-S-A,15-43-F-30m-Arr2
Renamed_Dresden-II-S-A,15-43-F-30m-Arr3
Renamed_Dresden-II-S-A,15-43-F-30m-Mic1
Renamed_Dresden-II-S-A,16-43-var-Arr1
Renamed_Dresden-II-S-A,16-43-var-Arr2
Renamed_Dresden-II-S-A,16-43-var-Arr3
Renamed_Dresden-II-S-A,16-43-var-Mic1
Renamed_Dresden-II-S-A,17-35-S-15m-Arr1
Renamed_Dresden-II-S-A,17-35-S-15m-Arr2
Renamed_Dresden-II-S-A,17-35-S-15m-Arr3
Renamed_Dresden-II-S-A,17-35-S-15m-Mic1
Renamed_Dresden-II-S-A,18-35-F-15m-Arr1
Renamed_Dresden-II-S-A,18-35-F-15m-Arr2
Renamed_Dresden-II-S-A,18-35-F-15m-Arr3
Renamed_Dresden-II-S-A,18-35-F-15m-Mic1
Renamed_Dresden-II-S-A,19-35-S-30m-Arr1
Renamed_Dresden-II-S-A,19-35-S-30m-Arr2
Renamed_Dresden-II-S-A,19-35-S-30m-Arr3
Renamed_Dresden-II-S-A,19-35-S-30m-Mic1
Renamed_Dresden-II-S-A,20-35-F-30m-Arr1
Renamed_Dresden-II-S-A,20-35-F-30m-Arr2
Renamed_Dresden-II-S-A,20-35-F-30m-Arr3
Renamed_Dresden-II-S-A,20-35-F-30m-Mic1
Renamed_Dresden-II-S-A,21-35-var-Arr1
Renamed_Dresden-II-S-A,21-35-var-Arr2
Renamed_Dresden-II-S-A,21-35-var-Arr3
Renamed_Dresden-II-S-A,21-35-var-Mic1
Renamed_Dresden-II-S-A,22-16-S-15m-Arr1
Renamed_Dresden-II-S-A,22-16-S-15m-Arr2
Renamed_Dresden-II-S-A,22-16-S-15m-Arr3
Renamed_Dresden-II-S-A,22-16-S-15m-Mic1
Renamed_Dresden-II-S-A,23-16-F-15m-Arr1
Renamed_Dresden-II-S-A,23-16-F-15m-Arr2
Renamed_Dresden-II-S-A,23-16-F-15m-Arr3
Renamed_Dresden-II-S-A,23-16-F-15m-Mic1
Renamed_Dresden-II-S-A,24-16-S-30m-Arr1
Renamed_Dresden-II-S-A,24-16-S-30m-Arr2
Renamed_Dresden-II-S-A,24-16-S-30m-Arr3
Renamed_Dresden-II-S-A,24-16-S-30m-Mic1
Renamed_Dresden-II-S-A,25-16-F-30m-Arr1
Renamed_Dresden-II-S-A,25-16-F-30m-Arr2
Renamed_Dresden-II-S-A,25-16-F-30m-Arr3
Renamed_Dresden-II-S-A,25-16-F-30m-Mic1
Renamed_Dresden-II-S-A,26-16-var-Arr1
Renamed_Dresden-II-S-A,26-16-var-Arr2
Renamed_Dresden-II-S-A,26-16-var-Arr3
Renamed_Dresden-II-S-A,26-16-var-Mic1
Renamed_Dresden-II-S-A,27-43-var-Arr1
Renamed_Dresden-II-S-A,27-43-var-Arr2
Renamed_Dresden-II-S-A,27-43-var-Arr3
Renamed_Dresden-II-S-A,27-43-var-Mic1
Renamed_Dresden-II-S-A,28-43-S-15m-Arr1
Renamed_Dresden-II-S-A,28-43-S-15m-Arr2
Renamed_Dresden-II-S-A,28-43-S-15m-Arr3
Renamed_Dresden-II-S-A,28-43-S-15m-Mic1
Renamed_Dresden-II-S-A,29-43-F-15m-Arr1
Renamed_Dresden-II-S-A,29-43-F-15m-Arr2
Renamed_Dresden-II-S-A,29-43-F-15m-Arr3
Renamed_Dresden-II-S-A,29-43-F-15m-Mic1
Renamed_Dresden-II-S-A,31-43-S-30m-Arr1
Renamed_Dresden-II-S-A,31-43-S-30m-Arr2
Renamed_Dresden-II-S-A,31-43-S-30m-Arr3
Renamed_Dresden-II-S-A,31-43-S-30m-Mic1
Renamed_Dresden-II-S-B,32-43-F-30m-Arr1
Renamed_Dresden-II-S-B,32-43-F-30m-Arr2
Renamed_Dresden-II-S-B,32-43-F-30m-Arr3
Renamed_Dresden-II-S-B,32-43-F-30m-Mic1
Renamed_Dresden-II-S-B,33-43-var-Arr1
Renamed_Dresden-II-S-B,33-43-var-Arr2
Renamed_Dresden-II-S-B,33-43-var-Arr3
Renamed_Dresden-II-S-B,33-43-var-Mic1
Renamed_Dresden-II-S-B,34-44-S-15m-Arr1
Renamed_Dresden-II-S-B,34-44-S-15m-Arr2
Renamed_Dresden-II-S-B,34-44-S-15m-Arr3
Renamed_Dresden-II-S-B,34-44-S-15m-Mic1
Renamed_Dresden-II-S-B,35-44-F-15m-Arr1
Renamed_Dresden-II-S-B,35-44-F-15m-Arr2
Renamed_Dresden-II-S-B,35-44-F-15m-Arr3
Renamed_Dresden-II-S-B,35-44-F-15m-Mic1
Renamed_Dresden-II-S-B,36-44-S-30m-Arr1
Renamed_Dresden-II-S-B,36-44-S-30m-Arr2
Renamed_Dresden-II-S-B,36-44-S-30m-Arr3
Renamed_Dresden-II-S-B,36-44-S-30m-Mic1
Renamed_Dresden-II-S-B,37-44-F-30m-Arr1
Renamed_Dresden-II-S-B,37-44-F-30m-Arr2
Renamed_Dresden-II-S-B,37-44-F-30m-Arr3
Renamed_Dresden-II-S-B,37-44-F-30m-Mic1
Renamed_Dresden-II-S-B,38-44-var-Arr1
Renamed_Dresden-II-S-B,38-44-var-Arr2
Renamed_Dresden-II-S-B,38-44-var-Arr3
Renamed_Dresden-II-S-B,38-44-var-Mic1
Renamed_Dresden-II-S-B,39-7-S-15m-Arr1
Renamed_Dresden-II-S-B,39-7-S-15m-Arr2
Renamed_Dresden-II-S-B,39-7-S-15m-Arr3
Renamed_Dresden-II-S-B,39-7-S-15m-Mic1
Renamed_Dresden-II-S-B,40-7-F-15m-Arr1
Renamed_Dresden-II-S-B,40-7-F-15m-Arr2
Renamed_Dresden-II-S-B,40-7-F-15m-Arr3
Renamed_Dresden-II-S-B,40-7-F-15m-Mic1
Renamed_Dresden-II-S-B,41-7-S-30m-Arr1
Renamed_Dresden-II-S-B,41-7-S-30m-Arr2
Renamed_Dresden-II-S-B,41-7-S-30m-Arr3
Renamed_Dresden-II-S-B,41-7-S-30m-Mic1
Renamed_Dresden-II-S-B,42-7-F-30m-Arr1
Renamed_Dresden-II-S-B,42-7-F-30m-Arr2
Renamed_Dresden-II-S-B,42-7-F-30m-Arr3
Renamed_Dresden-II-S-B,42-7-F-30m-Mic1
Renamed_Dresden-II-S-B,43-7-var-Arr1
Renamed_Dresden-II-S-B,43-7-var-Arr2
Renamed_Dresden-II-S-B,43-7-var-Arr3
Renamed_Dresden-II-S-B,43-7-var-Mic1
Renamed_Dresden-II-S-B,44-7-S-15m-Arr1
Renamed_Dresden-II-S-B,44-7-S-15m-Arr2
Renamed_Dresden-II-S-B,44-7-S-15m-Arr3
Renamed_Dresden-II-S-B,44-7-S-15m-Mic1
Renamed_Dresden-II-S-B,45-7-F-15m-Arr1
Renamed_Dresden-II-S-B,45-7-F-15m-Arr2
Renamed_Dresden-II-S-B,45-7-F-15m-Arr3
Renamed_Dresden-II-S-B,45-7-F-15m-Mic1
Renamed_Dresden-II-S-B,46-7-S-30m-Arr1
Renamed_Dresden-II-S-B,46-7-S-30m-Arr2
Renamed_Dresden-II-S-B,46-7-S-30m-Arr3
Renamed_Dresden-II-S-B,46-7-S-30m-Mic1
Renamed_Dresden-II-S-B,47-7-F-30m-Arr1
Renamed_Dresden-II-S-B,47-7-F-30m-Arr2
Renamed_Dresden-II-S-B,47-7-F-30m-Arr3
Renamed_Dresden-II-S-B,47-7-F-30m-Mic1
Renamed_Dresden-II-S-B,48-7-var-Arr1
Renamed_Dresden-II-S-B,48-7-var-Arr2
Renamed_Dresden-II-S-B,48-7-var-Arr3
Renamed_Dresden-II-S-B,48-7-var-Mic1
Renamed_Dresden-II-S-B,49-23-S-15m-Arr1
Renamed_Dresden-II-S-B,49-23-S-15m-Arr2
Renamed_Dresden-II-S-B,49-23-S-15m-Arr3
Renamed_Dresden-II-S-B,49-23-S-15m-Mic1
Renamed_Dresden-II-S-B,50-23-F-15m-Arr1
Renamed_Dresden-II-S-B,50-23-F-15m-Arr2
Renamed_Dresden-II-S-B,50-23-F-15m-Arr3
Renamed_Dresden-II-S-B,50-23-F-15m-Mic1
Renamed_Dresden-II-S-B,51-23-S-30m-Arr1
Renamed_Dresden-II-S-B,51-23-S-30m-Arr2
Renamed_Dresden-II-S-B,51-23-S-30m-Arr3
Renamed_Dresden-II-S-B,51-23-S-30m-Mic1
Renamed_Dresden-II-S-B,52-23-F-30m-Arr1
Renamed_Dresden-II-S-B,52-23-F-30m-Arr2
Renamed_Dresden-II-S-B,52-23-F-30m-Arr3
Renamed_Dresden-II-S-B,52-23-F-30m-Mic1
Renamed_Dresden-II-S-B,53-23-var-Arr1
Renamed_Dresden-II-S-B,53-23-var-Arr2
Renamed_Dresden-II-S-B,53-23-var-Arr3
Renamed_Dresden-II-S-B,53-23-var-Mic1
Renamed_Dresden-II-S-B,56-23-S-15m-Arr1
Renamed_Dresden-II-S-B,56-23-S-15m-Arr2
Renamed_Dresden-II-S-B,56-23-S-15m-Arr3
Renamed_Dresden-II-S-B,56-23-S-15m-Mic1
Renamed_Dresden-II-S-B,57-23-F-15m-Arr1
Renamed_Dresden-II-S-B,57-23-F-15m-Arr2
Renamed_Dresden-II-S-B,57-23-F-15m-Arr3
Renamed_Dresden-II-S-B,57-23-F-15m-Mic1
Renamed_Dresden-II-S-B,58-23-S-30m-Arr1
Renamed_Dresden-II-S-B,58-23-S-30m-Arr2
Renamed_Dresden-II-S-B,58-23-S-30m-Arr3
Renamed_Dresden-II-S-B,58-23-S-30m-Mic1
Renamed_Dresden-II-S-B,59-23-F-30m-Arr1
Renamed_Dresden-II-S-B,59-23-F-30m-Arr2
Renamed_Dresden-II-S-B,59-23-F-30m-Arr3
Renamed_Dresden-II-S-B,59-23-F-30m-Mic1
Renamed_Dresden-II-S-B,60-23-var-Arr1
Renamed_Dresden-II-S-B,60-23-var-Arr2
Renamed_Dresden-II-S-B,60-23-var-Arr3
Renamed_Dresden-II-S-B,60-23-var-Mic1
